<?xml version="1.0" encoding="UTF-8"?>
<Audio 

	xmlns="https://www.w3schools.com"
	xmlns:xsi="http://www.w3.org/2001/XMLSchema-instance"
	xsi:schemaLocation="https://www.w3schools.com https://momdev.se/lindetorp/waxml/scheme_1.23.xsd"

	version="1.0" 
	timeUnit="ms" 
	gain="0dB"
	controls="false">

	<var name="filter" default="0" />
	<var name="f1" default="60" value="$key" mapin="0,128" mapout="0,128" convert="MIDI->frequency" />
	<var name="d1" value="$expression" default="0.5" mapin="0,1" mapout="-50, 50" />
	<var name="d2" value="$filter" default="0.5" mapin="0,1" mapout="0, 2400" />
	<var name="solo" default="0" />
	<var name="padGate" default="1" />
	<var name="soloGate" default="0" />

	<Envelope name="env" default="0" trig="env" stop="env" ADSR="200,100,0,100" />
	<var name="padPlay" default="0" />

	<var name="padVolume" mapin="0,127" mapout="-30,0" convert="dB->power"/>

	<var name="f2" default="60" value="$testNote" mapin="0,128" mapout="0,128" convert="MIDI->frequency" />
	<var name="testGate" default="0" />
	

	<Chain>
		<OscillatorNode type="sawtooth" frequency="$f1" detune="$d1" transitionTime="1" />
		<BiquadFilterNode type="lowpass" frequency="$padPlay*2000+100" transitionTime="100" />
		<GainNode gain="$padGate"/>
		<GainNode gain="$padPlay" transitionTime="100" />
		<GainNode gain="$padVolume" />
		<GainNode gain="+9dB" />
	</Chain>

</Audio>